datetime,ticker,av_symbol,sentiment_score,relevance_score,overall_sentiment_score,title,url,time_published,source
2026-02-24 00:00:00,HK.00700,TOPIC:technology,0.072895,0.15,0.072895,Sandisk Regains Independence As Western Digital Plans Full Exit,https://simplywall.st/stocks/us/tech/nasdaq-sndk/sandisk/news/sandisk-regains-independence-as-western-digital-plans-full-e,20260224T000000,Simply Wall St
2026-02-24 00:02:00,HK.00700,TOPIC:technology,-0.207451,0.15,-0.207451,Qualys stock hits 52-week low at $91.63,https://au.investing.com/news/company-news/qualys-stock-hits-52week-low-at-9163-93CH-4271551,20260224T000200,Investing.com Australia
2026-02-24 00:06:00,HK.00700,TOPIC:technology,0.418755,0.15,0.418755,(CPS) Movement Within Algorithmic Entry Frameworks,https://news.stocktradersdaily.com/news_release/14/CPS_Movement_Within_Algorithmic_Entry_Frameworks_022426120601_1771909561.html,20260224T000600,Stock Traders Daily
2026-02-24 00:07:14,HK.00700,TOPIC:technology,-0.295578,0.15,-0.295578,Insider Sell Alert: Michael Dreyer Sells Shares of F5 Inc (FFIV),https://www.gurufocus.com/news/8644167/insider-sell-alert-michael-dreyer-sells-shares-of-f5-inc-ffiv,20260224T000714,GuruFocus
2026-02-24 00:08:22,HK.00700,TOPIC:technology,-0.072092,0.15,-0.072092,Georgia PSC declines to rethink Georgia Power expansion for data centers,https://www.fox5atlanta.com/news/georgia-psc-declines-rethink-georgia-power-expansion-data-centers,20260224T000822,FOX 5 Atlanta
2026-02-24 00:10:27,HK.00700,TOPIC:technology,0.010189,0.15,0.010189,The AI bias playbook: Mitigation strategies for CIOs,https://www.techtarget.com/searchenterpriseai/feature/The-AI-bias-playbook-Mitigation-strategies-for-CIOs,20260224T001027,TechTarget
2026-02-24 00:21:00,HK.00700,TOPIC:technology,0.100776,0.15,0.100776,Starfighters Space founder Rick Svetkoff steps down as CEO,https://au.investing.com/news/company-news/starfighters-space-founder-rick-svetkoff-steps-down-as-ceo-93CH-4270552,20260224T002100,Investing.com Australia
2026-02-24 00:24:58,HK.00700,TOPIC:technology,-0.24298,0.15,-0.24298,"Insider Buying: Conduent (NASDAQ:CNDT) CEO Acquires 117,099 Shares of Stock",https://www.marketbeat.com/instant-alerts/insider-buying-conduent-nasdaqcndt-ceo-acquires-117099-shares-of-stock-2026-02-23/,20260224T002458,MarketBeat
2026-02-24 00:25:00,HK.00700,TOPIC:technology,0.018504,0.15,0.018504,Ultra Clean Holdings (UCTT) Misses Q4 Earnings and Revenue Estimates,https://finance.yahoo.com/news/ultra-clean-holdings-uctt-misses-002506815.html,20260224T002500,Yahoo Finance
2026-02-24 00:25:32,HK.00700,TOPIC:technology,0.22861,0.15,0.22861,A Look At Wix.com (WIX) Valuation As Shares Trade Below Estimated Fair Value,https://simplywall.st/stocks/us/software/nasdaq-wix/wixcom/news/a-look-at-wixcom-wix-valuation-as-shares-trade-below-estimat,20260224T002532,Simply Wall St
2026-02-24 00:26:57,HK.00700,TOPIC:technology,0.10315,0.15,0.10315,F5 Inc director Dreyer sells $866k in stock By Investing.com,https://za.investing.com/news/insider-trading-news/f5-inc-director-dreyer-sells-866k-in-stock-93CH-4127349,20260224T002657,Investing.com South Africa
2026-02-24 00:32:52,HK.00700,TOPIC:technology,0.474452,0.15,0.474452,Twist Bioscience rises on licensing deal for antibody discovery platform,https://www.msn.com/en-us/health/other/twist-bioscience-rises-on-licensing-deal-for-antibody-discovery-platform/ar-AA1Wx4ib,20260224T003252,MSN
2026-02-24 00:34:41,HK.00700,TOPIC:technology,-0.199579,0.15,-0.199579,Why Applied Digital (APLD) Is Down 15.0% After Nvidia Fully Exits Stake Amid New AI Leases,https://simplywall.st/stocks/us/software/nasdaq-apld/applied-digital/news/why-applied-digital-apld-is-down-150-after-nvidia-fully-exit,20260224T003441,Simply Wall St
2026-02-24 00:36:12,HK.00700,TOPIC:technology,-0.289149,0.15,-0.289149,"John Marcolini Sells 1,074 Shares of Itron (NASDAQ:ITRI) Stock",https://www.marketbeat.com/instant-alerts/john-marcolini-sells-1074-shares-of-itron-nasdaqitri-stock-2026-02-23/,20260224T003612,MarketBeat
2026-02-24 00:36:12,HK.00700,TOPIC:technology,-0.379852,0.15,-0.379852,"Itron (NASDAQ:ITRI) SVP Sells $82,940.76 in Stock",https://www.marketbeat.com/instant-alerts/itron-nasdaqitri-svp-sells-8294076-in-stock-2026-02-23/,20260224T003612,MarketBeat
2026-02-24 00:36:12,HK.00700,TOPIC:technology,-0.336147,0.15,-0.336147,Insider Selling: Itron (NASDAQ:ITRI) SVP Sells 763 Shares of Stock,https://www.marketbeat.com/instant-alerts/insider-selling-itron-nasdaqitri-svp-sells-763-shares-of-stock-2026-02-23/,20260224T003612,MarketBeat
2026-02-24 00:39:25,HK.00700,TOPIC:technology,0.437915,0.15,0.437915,NetApp’s AI And Hybrid Cloud Gains Meet Recurring Revenue And Valuation Story,https://simplywall.st/stocks/us/tech/nasdaq-ntap/netapp/news/netapps-ai-and-hybrid-cloud-gains-meet-recurring-revenue-and,20260224T003925,Simply Wall St
2026-02-24 00:40:17,HK.00700,TOPIC:technology,-0.229904,0.15,-0.229904,Insider Selling Alert: Cheryl Shavers Sells Shares of Knowles Co,https://www.gurufocus.com/news/8644175/insider-selling-alert-cheryl-shavers-sells-shares-of-knowles-corp-kn,20260224T004017,GuruFocus
2026-02-24 00:40:51,HK.00700,TOPIC:technology,-0.631292,0.15,-0.631292,International Business Machines (NYSE:IBM) Stock Price Down 13.4% - Here's Why,https://www.marketbeat.com/instant-alerts/international-business-machines-nyseibm-stock-price-down-134-heres-why-2026-02-23/,20260224T004051,MarketBeat
2026-02-24 00:45:46,HK.00700,TOPIC:technology,0.449114,0.15,0.449114,How Tariff Rollback and Potential Refunds Will Impact Jabil (JBL) Investors,https://simplywall.st/stocks/us/tech/nyse-jbl/jabil/news/how-tariff-rollback-and-potential-refunds-will-impact-jabil,20260224T004546,Simply Wall St
2026-02-24 00:46:17,HK.00700,TOPIC:technology,-0.223675,0.15,-0.223675,Cellebrite DI stock hits 52-week low at $13.05,https://au.investing.com/news/company-news/cellebrite-di-stock-hits-52week-low-at-1305-93CH-4271517,20260224T004617,Investing.com Australia
2026-02-24 00:48:01,HK.00700,TOPIC:technology,0.401031,0.15,0.401031,Insider Buying: Jaclyn Liu Acquires Additional Shares of CEVA In,https://www.gurufocus.com/news/8644164/insider-buying-jaclyn-liu-acquires-additional-shares-of-ceva-inc-ceva,20260224T004801,GuruFocus
2026-02-24 00:49:37,HK.00700,TOPIC:technology,-0.17227,0.15,-0.17227,Autodesk Lawsuit Against Alphabet Puts Focus On Flow And Investor Sentiment,https://simplywall.st/stocks/us/software/nasdaq-adsk/autodesk/news/autodesk-lawsuit-against-alphabet-puts-focus-on-flow-and-inv,20260224T004937,Simply Wall St
2026-02-24 00:50:39,HK.00700,TOPIC:technology,0.805037,0.15,0.805037,Seconds to Act: Building the Nation’s Integrated Shield,https://www.lockheedmartin.com/en-us/news/features/2026/building-the-nations-integrated-shield.html,20260224T005039,Lockheed Martin
2026-02-24 00:50:40,HK.00700,TOPIC:technology,0.451186,0.15,0.451186,Flying Tactical AI From Classroom to Cockpit,https://www.lockheedmartin.com/en-us/news/features/2026/Flying-Tactical-AI-From-Classroom-to-Cockpit.html,20260224T005040,Lockheed Martin
2026-02-24 00:51:08,HK.00700,TOPIC:technology,0.083017,0.15,0.083017,"Skyworks Solutions, Inc. $SWKS Stock Holdings Lowered by Vulcan Value Partners LLC",https://www.marketbeat.com/instant-alerts/filing-skyworks-solutions-inc-swks-stock-holdings-lowered-by-vulcan-value-partners-llc-2026-02-23/,20260224T005108,MarketBeat
2026-02-24 00:51:56,HK.00700,TOPIC:technology,0.011643,0.15,0.011643,G2M CAP CORP. ANNOUNCES UPSIZING OF CONCURRENT FINANCING AND DATE OF SPECIAL SHAREHOLDERS MEETING FOR QUALIFYING TRANSACTION WITH SALESCLOSER AI AND WISHPOND TECHNOLOGIES,https://www.morningstar.com/news/pr-newswire/20260223va94030/g2m-cap-corp-announces-upsizing-of-concurrent-financing-and-date-of-special-shareholders-meeting-for-qualifying-transaction-with-salescloser-ai-and-wishpond-technologies,20260224T005156,Morningstar
2026-02-24 00:51:56,HK.00700,TOPIC:technology,0.318918,0.15,0.318918,Universal Display Corporation Announces Participation at Upcoming Conferences,https://www.businesswire.com/news/home/20260223962468/en/Universal-Display-Corporation-Announces-Participation-at-Upcoming-Conferences,20260224T005156,Business Wire
2026-02-24 00:52:04,HK.00700,TOPIC:technology,0.288513,0.15,0.288513,"Pre-Market Most Active for Feb 23, 2026 : NVO, VRE, NIO, GLW, AG, SMR",https://www.nasdaq.com/articles/pre-market-most-active-feb-23-2026-nvo-vre-nio-glw-ag-smr,20260224T005204,Nasdaq
2026-02-24 00:52:06,HK.00700,TOPIC:technology,0.445356,0.15,0.445356,"NETSCOUT Systems, Inc. Expands Omnis™ AI Insights to Communications Service Providers",https://techafricanews.com/2026/02/24/netscout-systems-inc-expands-omnis-ai-insights-to-communications-service-providers/,20260224T005206,TechAfrica News
2026-02-24 00:52:19,HK.00700,TOPIC:technology,0.11599,0.15,0.11599,OKLO's 1.2 GW META Agreement: Is it a Long Term Bet or Risk?,https://www.tradingview.com/news/zacks:9091f6976094b:0-oklo-s-1-2-gw-meta-agreement-is-it-a-long-term-bet-or-risk/,20260224T005219,TradingView
2026-02-24 00:52:31,HK.00700,TOPIC:technology,0.03612,0.15,0.03612,MaxLinear (MXL) CEO logs major 2025 stock and RSU grants in Form 4,https://www.stocktitan.net/sec-filings/MXL/form-4-maxlinear-inc-insider-trading-activity-e04097dcf755.html,20260224T005231,Stock Titan
2026-02-24 00:52:35,HK.00700,TOPIC:technology,-0.23641,0.15,-0.23641,Technical Reactions to CTBI Trends in Macro Strategies,https://news.stocktradersdaily.com/news_release/15/Technical_Reactions_to_CTBI_Trends_in_Macro_Strategies_022426011802_1771913882.html,20260224T005235,Stock Traders Daily
2026-02-24 00:53:24,HK.00700,TOPIC:technology,0.194121,0.15,0.194121,Granite Investment Partners LLC Takes Position in Onto Innovation Inc. $ONTO,https://www.marketbeat.com/instant-alerts/filing-granite-investment-partners-llc-takes-position-in-onto-innovation-inc-onto-2026-02-23/,20260224T005324,MarketBeat
2026-02-24 00:56:27,HK.00700,TOPIC:technology,0.149391,0.15,0.149391,Entegris SVP Colella sells $207k in stock,https://au.investing.com/news/insider-trading-news/entegris-svp-colella-sells-207k-in-stock-93CH-4272716,20260224T005627,Investing.com Australia
2026-02-24 00:58:35,HK.00700,TOPIC:technology,0.313615,0.15,0.313615,Why Stock-Split Stock Texas Pacific Land Corporation Beat the Market Today,https://www.theglobeandmail.com/investing/markets/stocks/NVDA-Q/pressreleases/376882/why-stock-split-stock-texas-pacific-land-corporation-beat-the-market-today/,20260224T005835,The Globe and Mail
2026-02-24 01:03:29,HK.00700,TOPIC:technology,0.309852,0.15,0.309852,A Look At Five9 (FIVN) Valuation As Stronger AI Driven Earnings Reset Expectations,https://simplywall.st/stocks/us/software/nasdaq-fivn/five9/news/a-look-at-five9-fivn-valuation-as-stronger-ai-driven-earning,20260224T010329,Simply Wall St
2026-02-24 01:05:13,HK.00700,TOPIC:technology,-0.170014,0.15,-0.170014,Avoiding Lag: Real-Time Signals in (CELC) Movement,https://news.stocktradersdaily.com/news_release/40/Avoiding_Lag:_Real-Time_Signals_in_CELC_Movement_022326075202_1771894322.html,20260224T010513,Stock Traders Daily
2026-02-24 01:05:30,HK.00700,TOPIC:technology,-0.110305,0.15,-0.110305,"Rackspace Technology (NASDAQ:RXT) CFO Sells $382,533.29 in Stock",https://www.marketbeat.com/instant-alerts/rackspace-technology-nasdaqrxt-cfo-sells-38253329-in-stock-2026-02-23/,20260224T010530,MarketBeat
2026-02-24 01:06:16,HK.00700,TOPIC:technology,-0.340268,0.15,-0.340268,SAP (SAP) Legal Settlement Concludes with Teradata,https://www.gurufocus.com/news/8644194/sap-sap-legal-settlement-concludes-with-teradata,20260224T010616,GuruFocus
2026-02-24 01:12:47,HK.00700,TOPIC:technology,0.428931,0.15,0.428931,Uber Buys Parking App SpotHero to Grow Its Customer Base,https://www.bloomberg.com/news/articles/2026-02-24/uber-buys-parking-app-spothero-to-grow-its-customer-base?srnd=all,20260224T011247,Bloomberg.com
2026-02-24 01:15:15,HK.00700,TOPIC:technology,-0.425483,0.15,-0.425483,Destiny Tech100 (NYSE:DXYZ) Shares Down 3.7% - Here's What Happened,https://www.marketbeat.com/instant-alerts/destiny-tech100-nysedxyz-shares-down-37-heres-what-happened-2026-02-23/,20260224T011515,MarketBeat
2026-02-24 01:16:24,HK.00700,TOPIC:technology,0.069029,0.15,0.069029,"Eltoukhy Adam sells Samsara Inc (IOT) shares worth $125,611",https://m.investing.com/news/insider-trading-news/eltoukhy-adam-sells-samsara-inc-iot-shares-worth-125611-93CH-4520356?ampMode=1,20260224T011624,Investing.com
2026-02-24 01:23:00,HK.00700,TOPIC:technology,0.424174,0.15,0.424174,"Tenet Healthcare (THC) Benefiting from Capital Return Potential, Says Wells Fargo",https://www.insidermonkey.com/blog/tenet-healthcare-thc-benefiting-from-capital-return-potential-says-wells-fargo-1701755/?amp=1,20260224T012300,Insider Monkey
2026-02-24 01:25:00,HK.00700,TOPIC:technology,0.368868,0.15,0.368868,Analysts See Continued Upside in Citizens Financial (CFG) Despite Strong YTD Performance,https://www.insidermonkey.com/blog/analysts-see-continued-upside-in-citizens-financial-cfg-despite-strong-ytd-performance-1701761/?amp=1,20260224T012500,Insider Monkey
2026-02-24 01:30:00,HK.00700,TOPIC:technology,0.306311,0.15,0.306311,Panasonic Automotive Systems secures industry-wide endorsement for its initiative to standardize VirtIO device virtualization technology,https://www.morningstar.com/news/pr-newswire/20260223ny92456/panasonic-automotive-systems-secures-industry-wide-endorsement-for-its-initiative-to-standardize-virtio-device-virtualization-technology,20260224T013000,Morningstar
2026-02-24 01:30:00,HK.00700,TOPIC:technology,0.807858,0.15,0.807858,Elbit Systems Awarded $277 Million In 30mm Turret And Munitions Contracts,https://pulse2.com/elbit-systems-awarded-277-million-in-30mm-turret-and-munitions-contracts/,20260224T013000,Pulse 2.0
2026-02-24 01:30:30,HK.00700,TOPIC:technology,0.265645,0.15,0.265645,Amprius Technologies (NYSE:AMPX) Trading Up 7.2% - Still a Buy?,https://www.marketbeat.com/instant-alerts/amprius-technologies-nyseampx-trading-up-72-still-a-buy-2026-02-23/,20260224T013030,MarketBeat
2026-02-24 01:31:07,HK.00700,TOPIC:technology,0.106762,0.15,0.106762,Teradata to Present at Upcoming Investor Conferences,https://news.futunn.com/en/post/69113687/teradata-to-present-at-upcoming-investor-conferences,20260224T013107,富途牛牛
2026-02-24 01:31:28,HK.00700,TOPIC:technology,-0.203883,0.15,-0.203883,Tenable Holdings stock hits 52-week low at 19.14 USD By Investing.com,https://au.investing.com/news/company-news/tenable-holdings-stock-hits-52week-low-at-1914-usd-93CH-4271595,20260224T013128,Investing.com Australia
2026-03-10 00:08:52,HK.00700,TOPIC:technology,0.12656,0.15,0.12656,Xperi Inc Statistics – FWB:V2W,https://www.tradingview.com/symbols/FWB-V2W/financials-statistics-and-ratios/,20260310T000852,TradingView
2026-03-10 00:09:05,HK.00700,TOPIC:technology,0.405481,0.15,0.405481,Calisa Acquisition Corp Announces Entering Into Merger Agreement With GoodVision AI Inc,https://news.futunn.com/en/post/69803566/calisa-acquisition-corp-announces-entering-into-merger-agreement-with-goodvision,20260310T000905,富途牛牛
2026-03-10 00:09:33,HK.00700,TOPIC:technology,0.427477,0.15,0.427477,Factorial Drives Solid-State Battery Expansion to Drones and Robotics with IQT and Strategic Partners,https://www.businesswire.com/news/home/20260310039385/en/Factorial-Drives-Solid-State-Battery-Expansion-to-Drones-and-Robotics-with-IQT-and-Strategic-Partners,20260310T000933,Business Wire
2026-03-10 00:11:00,HK.00700,TOPIC:technology,-0.360971,0.15,-0.360971,"German publishers reject Apple's revised app tracking rules, urge antitrust fine",https://www.reuters.com/legal/litigation/german-publishers-reject-apples-revised-app-tracking-rules-urge-antitrust-fine-2026-03-10/,20260310T001100,Reuters
2026-03-10 00:18:50,HK.00700,TOPIC:technology,0.416298,0.15,0.416298,Synopsys (SNPS) Enters $250M Accelerated Share Repurchase Agreement With Initial ~513K Share Delivery,https://finviz.com/news/334505/synopsys-snps-enters-250m-accelerated-share-repurchase-agreement-with-initial-513k-share-delivery,20260310T001850,Finviz
2026-03-10 00:39:59,HK.00700,TOPIC:technology,0.408702,0.15,0.408702,"Nissan, Uber reportedly finalizing deal for Wayve-powered robotaxi rollout",https://www.autonews.com/nissan/an-nissan-in-robotoxi-talks-with-uber-0309/,20260310T003959,Automotive News
2026-03-10 00:50:42,HK.00700,TOPIC:technology,0.285357,0.15,0.285357,Paychex (PAYX) Unveils AI-Driven Workforce Management Tools for Paycor and Flex Platforms,https://finviz.com/news/334502/paychex-payx-unveils-ai-driven-workforce-management-tools-for-paycor-and-flex-platforms,20260310T005042,Finviz - Stock Screener
2026-03-10 00:50:54,HK.00700,TOPIC:technology,0.459856,0.15,0.459856,"Arduino, Qualcomm Team Up for Powerful Edge AI with VENTUNO Q",https://www.thefastmode.com/technology-solutions/47527-arduino-qualcomm-team-up-for-powerful-edge-ai-with-ventuno-q,20260310T005054,The Fast Mode
2026-03-10 00:50:54,HK.00700,TOPIC:technology,0.435603,0.15,0.435603,Teradyne (TER) Q4 Revenue Rises 44% to $1.083B as AI Demand Drives Semiconductor Growth,https://finviz.com/news/334504/teradyne-ter-q4-revenue-rises-44-to-1083b-as-ai-demand-drives-semiconductor-growth,20260310T005054,Finviz
2026-03-10 00:51:10,HK.00700,TOPIC:technology,0.83495,0.15,0.83495,Teradyne (TER) Q4 revenue rises 44% to $1.083B as AI demand drives semiconductor growth,https://www.msn.com/en-us/money/companies/teradyne-ter-q4-revenue-rises-44-to-1-083b-as-ai-demand-drives-semiconductor-growth/ar-AA1XROkM?ocid=finance-verthp-feeds,20260310T005110,MSN
2026-03-10 00:51:11,HK.00700,TOPIC:technology,-0.218389,0.15,-0.218389,Northland Securities Cuts Grid Dynamics (NASDAQ:GDYN) Price Target to $12.00,https://www.marketbeat.com/instant-alerts/northland-securities-cuts-grid-dynamics-nasdaqgdyn-price-target-to-1200-2026-03-09/,20260310T005111,MarketBeat
2026-03-10 00:51:28,HK.00700,TOPIC:technology,0.390108,0.15,0.390108,Tenable receives Overweight rating as Cantor initiates coverage,http://www.msn.com/en-us/money/companies/tenable-receives-overweight-rating-as-cantor-initiates-coverage/ar-AA1C0dFd?apiversion=v2&domshim=1&noservercache=1&noservertelemetry=1&batchservertelemetry=1&renderwebcomponents=1&wcseo=1,20260310T005128,MSN
2026-03-10 00:51:38,HK.00700,TOPIC:technology,0.32182,0.15,0.32182,Zscaler ThreatLabz 2026 AI Security Report,http://www.bankinfosecurity.com/whitepapers/zscaler-threatlabz-2026-ai-security-report-w-16159,20260310T005138,BankInfoSecurity
2026-03-10 00:51:39,HK.00700,TOPIC:technology,-0.04353,0.15,-0.04353,Jet AI posts full year 2025 financial results with FlyExclusive update,https://privatejetcardcomparisons.com/2026/03/09/jet-ai-posts-full-year-2025-financial-results-with-flyexclusive-update/,20260310T005139,Private Jet Card Comparisons
2026-03-10 00:51:49,HK.00700,TOPIC:technology,0.449727,0.15,0.449727,H.C. Wainwright Reiterates Buy Rating on BigBear.ai (BBAI),https://www.bitget.com/amp/news/detail/12560605251136,20260310T005149,Bitget
2026-03-10 00:52:00,HK.00700,TOPIC:technology,-0.303043,0.15,-0.303043,"Fastly (NYSE: FSLY) CTO Artur Bergman sells 31,079 shares in planned trade",https://www.stocktitan.net/sec-filings/FSLY/form-4-fastly-inc-insider-trading-activity-8e6a5ca1104a.html,20260310T005200,Stock Titan
2026-03-10 00:52:00,HK.00700,TOPIC:technology,0.227298,0.15,0.227298,Wipro Enterprises eyes entry into semiconductor sector,https://m.economictimes.com/tech/information-tech/wipro-enterprises-eyes-entry-into-semiconductor-sector/articleshow/129345566.cms,20260310T005200,The Economic Times
2026-03-10 00:52:09,HK.00700,TOPIC:technology,0.374249,0.15,0.374249,HUBS Benefits from Strong Subscriber Revenue Increase: Can This Momentum Continue?,https://www.bitget.com/news/detail/12560605253696,20260310T005209,Bitget
2026-03-10 00:52:11,HK.00700,TOPIC:technology,-0.240995,0.15,-0.240995,JFrog Ltd Executives Sell Shares,https://www.tradingview.com/news/tradingview:302b4f782a0f1:0-jfrog-ltd-executives-sell-shares/,20260310T005211,TradingView
2026-03-10 00:52:22,HK.00700,TOPIC:technology,0.156785,0.15,0.156785,Amprius Technologies Earnings Call Signals Profitable Growth Path,https://www.tipranks.com/news/company-announcements/amprius-technologies-earnings-call-signals-profitable-growth-path,20260310T005222,TipRanks
2026-03-10 00:52:25,HK.00700,TOPIC:technology,0.428881,0.15,0.428881,HeartBeam (NASDAQ: BEAT) Announces Commercial Partnership With ClearCardio,https://www.usatoday.com/press-release/story/27581/heartbeam-nasdaq-beat-announces-commercial-partnership-with-clearcardio/,20260310T005225,USA Today
2026-03-10 00:52:25,HK.00700,TOPIC:technology,0.284671,0.15,0.284671,"Hello, I'm ""MK Signal,"" an AI reporter who analyzes U.S. stock hot issues.On the 9th, MKS Instrument..",https://www.mk.co.kr/en/stock/11983649,20260310T005225,매일경제
2026-03-10 00:52:32,HK.00700,TOPIC:technology,0.323257,0.15,0.323257,Why ACI Worldwide (ACIW) Is Up 5.7% After Launching Cloud-Native ACI Connetic for Cards – And What's Next,https://simplywall.st/stocks/us/software/nasdaq-aciw/aci-worldwide/news/why-aci-worldwide-aciw-is-up-57-after-launching-cloud-native/amp,20260310T005232,Simply Wall St
2026-03-10 00:52:33,HK.00700,TOPIC:technology,0.019589,0.15,0.019589,How Investors May Respond To IAC (IAC) Meta Deal And People Inc. Digital Sales Growth,https://simplywall.st/stocks/us/media/nasdaq-iac/iac/news/how-investors-may-respond-to-iac-iac-meta-deal-and-people-in/amp,20260310T005233,Simply Wall Street
2026-03-10 00:52:35,HK.00700,TOPIC:technology,0.012244,0.15,0.012244,Pre-market spike: FZKA.F The9 Limited (XETRA) 10 Mar 2026: liquidity watch,https://meyka.com/blog/pre-market-spike-fzkaf-the9-limited-xetra-10-mar-2026-liquidity-watch-1003/,20260310T005235,Meyka
2026-03-10 00:52:39,HK.00700,TOPIC:technology,-0.213318,0.15,-0.213318,Gauzy Announces Initiation of a Call for Public Tenders for Buyers or Investors,https://www.bitget.com/news/detail/12560605252800,20260310T005239,Bitget
2026-03-10 00:52:46,HK.00700,TOPIC:technology,0.065461,0.15,0.065461,North Star Investment Management Corp. Expands Stake in Orion En,https://www.gurufocus.com/news/8692393/north-star-investment-management-corp-expands-stake-in-orion-energy-systems-inc,20260310T005246,GuruFocus
2026-03-10 00:52:49,HK.00700,TOPIC:technology,0.537343,0.15,0.537343,ABP Securite Announces Strategic Partnership With Rapid7 to Enhance Cybersecurity in Asia Pacific #ABPSecurite,https://www.media-outreach.com/news/singapore/2026/03/10/452783/abp-securite-announces-strategic-partnership-with-rapid7-to-enhance-cybersecurity-in-asia-pacific/,20260310T005249,Media OutReach Newswire
2026-03-10 00:52:55,HK.00700,TOPIC:technology,0.24252,0.15,0.24252,Is Vontier (VNT) Quietly Recasting Its Software Identity With TN360 ACM And New Innovation Leadership?,https://simplywall.st/stocks/us/tech/nyse-vnt/vontier/news/is-vontier-vnt-quietly-recasting-its-software-identity-with,20260310T005255,Simply Wall St
2026-03-10 00:53:02,HK.00700,TOPIC:technology,-0.046048,0.15,-0.046048,"John Breeden Sells 68,707 Shares of Q2 (NYSE:QTWO) Stock",https://www.marketbeat.com/instant-alerts/john-breeden-sells-68707-shares-of-q2-nyseqtwo-stock-2026-03-09/,20260310T005302,MarketBeat
2026-03-10 01:00:00,HK.00700,TOPIC:technology,-0.204072,0.15,-0.204072,Why (QDPL) Price Action Is Critical for Tactical Trading,https://news.stocktradersdaily.com/news_release/10/Why_QDPL_Price_Action_Is_Critical_for_Tactical_Trading_031026010001_1773118801.html,20260310T010000,Stock Traders Daily
2026-03-10 01:00:00,HK.00700,TOPIC:technology,0.433683,0.15,0.433683,Space42 and Viasat Shared Progress on Equatys at Mobile World Congress,https://www.globenewswire.com/news-release/2026/03/10/3252424/0/en/Space42-and-Viasat-Shared-Progress-on-Equatys-at-Mobile-World-Congress.html,20260310T010000,GlobeNewswire
2026-03-10 01:16:00,HK.00700,TOPIC:technology,-0.231239,0.15,-0.231239,Avoiding Lag: Real-Time Signals in (QLYS) Movement,https://news.stocktradersdaily.com/news_release/21/Avoiding_Lag:_Real-Time_Signals_in_QLYS_Movement_031026011601_1773119761.html,20260310T011600,Stock Traders Daily
2026-03-10 01:18:00,HK.00700,TOPIC:technology,0.289275,0.15,0.289275,How Quinstreet Inc. (QNST) Affects Rotational Strategy Timing,https://news.stocktradersdaily.com/news_release/22/How_Quinstreet_Inc._QNST_Affects_Rotational_Strategy_Timing_031026011802_1773119882.html,20260310T011800,Stock Traders Daily
2026-03-10 01:25:40,HK.00700,TOPIC:technology,0.28635,0.15,0.28635,American Tower (AMT) Initiated at Bernstein as Firm Highlights Global Tower Portfolio,https://finviz.com/news/334527/american-tower-amt-initiated-at-bernstein-as-firm-highlights-global-tower-portfolio,20260310T012540,Finviz - Stock Screener
2026-03-10 01:38:50,HK.00700,TOPIC:technology,0.292407,0.15,0.292407,Brand Engagement Network (BNAI) finalizes $2.050M Africa AI licensing pact,https://www.stocktitan.net/sec-filings/BNAI/8-k-a-brand-engagement-network-inc-amends-material-event-report-6fe38f351f94.html,20260310T013850,Stock Titan
2026-03-10 01:40:00,HK.00700,TOPIC:technology,0.683121,0.15,0.683121,OSI Systems (OSIS): 3 Reasons We Love This Stock,https://stockstory.org/us/stocks/nasdaq/osis/news/buy-or-sell/osi-systems-osis-3-reasons-we-love-this-stock,20260310T014000,StockStory
2026-03-10 01:49:42,HK.00700,TOPIC:technology,0.206992,0.15,0.206992,American Tower (AMT) Initiated at Bernstein as Firm Highlights Global Tower Portfolio,https://www.insidermonkey.com/blog/american-tower-amt-initiated-at-bernstein-as-firm-highlights-global-tower-portfolio-1712663/,20260310T014942,Insider Monkey
2026-03-10 01:51:09,HK.00700,TOPIC:technology,0.847242,0.15,0.847242,Teradyne (TER) Q4 Revenue Rises 44% to $1.083B as AI Demand Drives Semiconductor Growth,https://www.bitget.com/amp/news/detail/12560605251163,20260310T015109,Bitget
2026-03-10 01:51:11,HK.00700,TOPIC:technology,0.285415,0.15,0.285415,"Stock Market Today Review: SPY, QQQ Shake Off Surging Oil Prices and Inflation Concerns",https://www.tipranks.com/news/stock-market-today-review-spy-qqq-shake-off-surging-oil-prices-and-inflation-concerns,20260310T015111,TipRanks
2026-03-10 01:51:39,HK.00700,TOPIC:technology,0.120866,0.15,0.120866,"Direxion Daily Semiconductor Bull 3x Shares ETF Options Spot-On: On March 9th, 243.09K Contracts Were Traded, With 1.12 Million Open Interest",https://news.futunn.com/en/post/69822754/direxion-daily-semiconductor-bull-3x-shares-etf-options-spot-on,20260310T015139,富途牛牛
2026-03-10 01:51:57,HK.00700,TOPIC:technology,0.430582,0.15,0.430582,"HUIZ Stock News Today | Earnings, Events & Price Alerts",https://intellectia.ai/en/stock/HUIZ/news,20260310T015157,Intellectia AI
2026-03-10 01:52:02,HK.00700,TOPIC:technology,0.15353,0.15,0.15353,SoundThinking deploys ShotSpotter in Goldsboro to enhance police response,https://tradersunion.com/news/companies/show/1653358-soundthinking-shotspotter-goldsboro/,20260310T015202,Traders Union
2026-03-10 01:52:10,HK.00700,TOPIC:technology,0.490615,0.15,0.490615,"inTEST Corp. Hits New 52-Week High of $13.74, Up 179.92%",https://www.marketsmojo.com/news/stocks-in-action/intest-corp-hits-new-52-week-high-of-1374-up-17992-3880827,20260310T015210,Markets Mojo
2026-03-10 01:52:25,HK.00700,TOPIC:technology,0.428773,0.15,0.428773,US Stock Market Today: S&P 500 Futures Fall On Higher Yields And Oil Surge,https://www.sahmcapital.com/news/content/us-stock-market-today-sp-500-futures-fall-on-higher-yields-and-oil-surge-2026-03-09,20260310T015225,Sahm
2026-03-10 01:52:26,HK.00700,TOPIC:technology,0.051434,0.15,0.051434,(QRVO) Movement Within Algorithmic Entry Frameworks,https://news.stocktradersdaily.com/news_release/81/QRVO_Movement_Within_Algorithmic_Entry_Frameworks_031026014002_1773121202.html,20260310T015226,Stock Traders Daily
2026-03-10 01:52:32,HK.00700,TOPIC:technology,0.373177,0.15,0.373177,TELUS CEO's Parting Shot: '$2 Billion in AI Revenue by 2028' Is the Number He Wants Investors to Remember,https://247wallst.com/investing/2026/03/09/telus-ceos-parting-shot-2-billion-in-ai-revenue-by-2028-is-the-number-he-wants-investors-to-remember/,20260310T015232,24/7 Wall St.
2026-03-10 01:52:40,HK.00700,TOPIC:technology,0.003156,0.15,0.003156,"Quantum to Release Fiscal Fourth Quarter and Full Year 2025 Financial Results on Monday, June 30, 2025",https://www.quantisnow.com/insight/quantum-to-release-fiscal-fourth-quarter-and-full-year-2025-6091145,20260310T015240,Quantisnow
2026-03-10 02:08:07,HK.00700,TOPIC:technology,0.010019,0.15,0.010019,Jim Cramer Explains Why Match Group Was Expelled from the S&P 500,https://finance.yahoo.com/news/jim-cramer-explains-why-match-120646331.html,20260310T020807,Yahoo Finance
2026-03-10 02:09:48,HK.00700,TOPIC:technology,-0.453059,0.15,-0.453059,Is Nextdoor Secretly Sharing Users’ Location Data?,https://www.classaction.org/nextdoor-data-privacy,20260310T020948,ClassAction.org
2026-03-24 00:03:34,HK.00700,TOPIC:technology,0.01439,0.15,0.01439,CrowdStrike (CRWD) director Cary Davis granted 43 RSU-based shares,https://www.stocktitan.net/sec-filings/CRWD/form-4-crowd-strike-holdings-inc-insider-trading-activity-2970e2fce779.html,20260324T000334,Stock Titan
2026-03-24 00:03:34,HK.00700,TOPIC:technology,0.031706,0.15,0.031706,CrowdStrike (CRWD) director awarded 36-share stock grant in lieu of cash,https://www.stocktitan.net/sec-filings/CRWD/form-4-crowd-strike-holdings-inc-insider-trading-activity-f4decc1a7c03.html,20260324T000334,Stock Titan
2026-03-24 00:07:40,HK.00700,TOPIC:technology,0.427802,0.15,0.427802,Enterprise data security aims to secure dark data for AI,https://siliconangle.com/2026/03/23/enterprise-data-security-aims-secure-dark-data-ai-rsac26/,20260324T000740,SiliconANGLE
2026-03-24 00:08:48,HK.00700,TOPIC:technology,0.309607,0.15,0.309607,"TOYO SEC Filings - TOYO CO LTD 10-K, 10-Q, 8-K Forms",https://www.stocktitan.net/sec-filings/TOYO/page-2.html,20260324T000848,Stock Titan
2026-03-24 00:08:50,HK.00700,TOPIC:technology,0.028661,0.15,0.028661,"Financial Report Live - DocuSign, Inc. (DOCU.US) Fiscal Year 2026 Fourth Quarter Earnings Conference Call",https://longbridge.com/en/lives/342949,20260324T000850,Longbridge
2026-03-24 00:08:56,HK.00700,TOPIC:technology,0.004335,0.15,0.004335,"[Form 4] Okta, Inc. Insider Trading Activity",https://www.stocktitan.net/sec-filings/OKTA/form-4-okta-inc-insider-trading-activity-8e07c0156ebe.html,20260324T000856,Stock Titan
2026-03-24 00:08:56,HK.00700,TOPIC:technology,0.041794,0.15,0.041794,Unity Software Inc. (U) surpasses market returns: Some facts worth knowing,https://www.msn.com/en-us/money/topstocks/unity-software-inc-u-surpasses-market-returns-some-facts-worth-knowing/ar-AA1Zfyp7,20260324T000856,MSN
2026-03-24 00:08:58,HK.00700,TOPIC:technology,0.042978,0.15,0.042978,"authID to Report Fourth Quarter and Full Year 2025 Financial Results on March 31, 2026",https://www.globenewswire.com/news-release/2026/03/23/3260827/0/en/authid-to-report-fourth-quarter-and-full-year-2025-financial-results-on-march-31-2026.html,20260324T000858,GlobeNewswire
2026-03-24 00:09:17,HK.00700,TOPIC:technology,-0.645698,0.15,-0.645698,ServiceNow Drops 4.5% During the Day: What’s Behind the Decline as Bearish Signals Emerge?,https://www.bitget.com/asia/news/detail/12560605299332,20260324T000917,Bitget
2026-03-24 00:09:20,HK.00700,TOPIC:technology,0.381779,0.15,0.381779,"TaskUs, ePlus, GEO Group, Rogers, and CoreCivic Shares Are Soaring, What You Need To Know",https://www.theglobeandmail.com/investing/markets/stocks/ROG/pressreleases/902709/taskus-eplus-geo-group-rogers-and-corecivic-shares-are-soaring-what-you-need-to-know/,20260324T000920,The Globe and Mail
2026-03-24 00:09:30,HK.00700,TOPIC:technology,0.205439,0.15,0.205439,Insight Enterprises names Jack Azagury as new CEO,https://www.investing.com/news/company-news/insight-enterprises-names-jack-azagury-as-new-ceo-93CH-4575337,20260324T000930,Investing.com
2026-03-24 00:09:32,HK.00700,TOPIC:technology,0.024309,0.15,0.024309,what happened ? $AXT Inc (AXTI.US)$,https://www.moomoo.com/community/feed/what-happened-axt-inc-axti-us-116281216335878?chain_id=Name1K9-3FXPhg.1ks4djg&global_content=%7B%22promote_id%22%3A13764%2C%22sub_promote_id%22%3A57%2C%22f%22%3A%22www.moomoo.com%2Fstock%2FAXTI-US%22%7D,20260324T000932,Moomoo
2026-03-24 00:09:52,HK.00700,TOPIC:technology,0.133521,0.15,0.133521,[EFFECT] OFA Group SEC Filing,https://www.stocktitan.net/sec-filings/OFAL/effect-ofa-group-sec-filing-bd8f57eb0468.html,20260324T000952,Stock Titan
2026-03-24 00:10:04,HK.00700,TOPIC:technology,-0.058664,0.15,-0.058664,Lyft price target lowered by Jefferies on US rideshare slowdown,https://ca.finance.yahoo.com/news/lyft-price-target-lowered-jefferies-172600469.html,20260324T001004,Yahoo! Finance Canada
2026-03-24 00:10:20,HK.00700,TOPIC:technology,0.293014,0.15,0.293014,Red Cat Holdings Jumps 11.25% in a Single Day — What’s Behind the Rally?,https://www.bitget.com/amp/news/detail/12560605295560,20260324T001020,Bitget
2026-03-24 00:10:20,HK.00700,TOPIC:technology,0.350001,0.15,0.350001,Onto Innovation Jumps 6.4% During the Day: What’s Driving This Rally?,https://www.bitget.com/news/detail/12560605294958,20260324T001020,Bitget
2026-03-24 00:10:59,HK.00700,TOPIC:technology,0.62816,0.15,0.62816,From Rochester to the Oscars: Kodak film shines on the big screen,https://www.whec.com/uncategorized/from-rochester-to-the-oscars-kodak-film-shines-on-the-big-screen/,20260324T001059,WHEC.com
2026-03-24 00:11:20,HK.00700,TOPIC:technology,-0.745276,0.15,-0.745276,"ProShares UltraPro QQQ loses 15.5% YTD, amplifying Nasdaq-100 declines threefold amid rising volatility and rates.",https://pluang.com/en/news-feed/cara-mudah-menggunakan-leverage-untuk-meningkatkan-qqq,20260324T001120,Pluang
2026-03-24 00:12:06,HK.00700,TOPIC:technology,0.449706,0.15,0.449706,L3Harris Wins $34.1M Air Force Add-On for Commercial Space Internet Work,https://news.clearancejobs.com/2026/03/23/l3harris-wins-34-1m-air-force-add-on-for-commercial-space-internet-work/,20260324T001206,Clearance Jobs
2026-03-24 00:19:34,HK.00700,TOPIC:technology,-0.181564,0.15,-0.181564,"Orfanos Lou buys $13,000 in Thryv Holdings shares",https://m.uk.investing.com/news/insider-trading-news/orfanos-lou-buys-13000-in-thryv-holdings-shares-93CH-4573085?ampMode=1,20260324T001934,Investing.com UK
2026-03-24 00:26:00,HK.00700,TOPIC:technology,0.433244,0.15,0.433244,"10 Stocks to Watch Today: QXO, ImmunityBio, PayPay, and More",https://www.insidermonkey.com/blog/10-stocks-to-watch-today-qxo-immunitybio-paypay-and-more-1722909/,20260324T002600,Insider Monkey
2026-03-24 00:30:28,HK.00700,TOPIC:technology,0.462237,0.15,0.462237,"Broadcom Introduces Symantec CBX, Delivering Enterprise-Grade Security to Under-Resourced SOC Teams",https://cybermagazine.com/globenewswire/3260460,20260324T003028,Cyber Magazine
2026-03-24 00:33:08,HK.00700,TOPIC:technology,0.165635,0.15,0.165635,Is It Too Late To Consider Applied Materials (AMAT) After Its Strong 1 Year Rally?,https://simplywall.st/stocks/us/semiconductors/nasdaq-amat/applied-materials/news/is-it-too-late-to-consider-applied-materials-amat-after-its-1,20260324T003308,Simply Wall Street
2026-03-24 00:37:06,HK.00700,TOPIC:technology,0.321119,0.15,0.321119,"NorthCrest Asset Manangement LLC Buys 2,967 Shares of Axon Enterprise, Inc $AXON",https://www.marketbeat.com/instant-alerts/filing-northcrest-asset-manangement-llc-buys-2967-shares-of-axon-enterprise-inc-axon-2026-03-24/,20260324T003706,MarketBeat
2026-03-24 00:37:26,HK.00700,TOPIC:technology,0.025562,0.15,0.025562,"CrowdStrike Holdings (CRWD) insider plans sale of 49,886 RSU shares",https://www.stocktitan.net/sec-filings/CRWD/144-crowd-strike-holdings-inc-sec-filing-62dfe6ebef65.html,20260324T003726,Stock Titan
2026-03-24 00:37:53,HK.00700,TOPIC:technology,0.414933,0.15,0.414933,"GEHC acquires Intelerad to boost cloud-first, AI imaging capabilities",https://www.msn.com/en-us/health/other/gehc-acquires-intelerad-to-boost-cloud-first-ai-imaging-capabilities/ar-AA1Z4fYU?apiversion=v2&domshim=1&noservercache=1&noservertelemetry=1&batchservertelemetry=1&renderwebcomponents=1&wcseo=1,20260324T003753,MSN
2026-03-24 00:38:00,HK.00700,TOPIC:technology,0.12583,0.15,0.12583,HP Inc Rises 1.42% While Trading Volume Drops to 482nd Place Amid Varied Earnings and AI-Focused Strategic Changes,https://www.bitget.com/amp/news/detail/12560605296807,20260324T003800,Bitget
2026-03-24 00:38:50,HK.00700,TOPIC:technology,0.311563,0.15,0.311563,"Rezolve Ai to Announce Second Half and Full Year 2025 Financial Results on March 30, 2026",https://rezolve.com/press-releases/rezolve-ai-to-announce-second-half-and-full-year-2025-financial-results-on-march-30-2026/,20260324T003850,Rezolve
2026-03-24 00:39:00,HK.00700,TOPIC:technology,-0.250754,0.15,-0.250754,Trading Systems Reacting to (CSMD) Volatility,https://news.stocktradersdaily.com/news_release/9/Trading_Systems_Reacting_to_CSMD_Volatility_032426125802_1774328282.html,20260324T003900,Stock Traders Daily
2026-03-24 00:39:13,HK.00700,TOPIC:technology,0.427992,0.15,0.427992,Keysight Enhances 1.6T Interconnect Validation Tech,https://www.eetasia.com/keysight-enhances-1-6t-interconnect-validation-tech/,20260324T003913,EE Times Asia
2026-03-24 00:39:15,HK.00700,TOPIC:technology,0.383656,0.15,0.383656,Strategic Pivot Positions Vuzix for Defense and OEM Growth,https://www.ad-hoc-news.de/boerse/news/ueberblick/strategic-pivot-positions-vuzix-for-defense-and-oem-growth/68970831,20260324T003915,AD HOC NEWS
2026-03-24 00:39:33,HK.00700,TOPIC:technology,0.102022,0.15,0.102022,"VanEck Semiconductor ETF Options Spot-On: On March 23rd, 159.46K Contracts Were Traded, With 1.41 Million Open Interest",https://news.futunn.com/en/post/70488041/vaneck-semiconductor-etf-options-spot-on-on-march-23rd-159,20260324T003933,富途牛牛
2026-03-24 00:39:37,HK.00700,TOPIC:technology,0.051097,0.15,0.051097,Precision Trading with Centuri Holdings Inc. (CTRI) Risk Zones,https://news.stocktradersdaily.com/news_release/10/Precision_Trading_with_Centuri_Holdings_Inc._CTRI_Risk_Zones_032426010002_1774328402.html,20260324T003937,Stock Traders Daily
2026-03-24 00:39:49,HK.00700,TOPIC:technology,0.024122,0.15,0.024122,"BOX (NYSE: BOX) COO Olivia Nottebohm records RSU tax withholding, keeps large stake",https://www.stocktitan.net/sec-filings/BOX/form-4-box-inc-insider-trading-activity-e031c02b8863.html,20260324T003949,Stock Titan
2026-03-24 00:40:02,HK.00700,TOPIC:technology,0.00865,0.15,0.00865,"MicroStrategy (NASDAQ: MSTR) affiliate files to sell 3,299 Class A shares",https://www.stocktitan.net/sec-filings/MSTR/144-strategy-inc-sec-filing-f0353982d062.html,20260324T004002,Stock Titan
2026-03-24 00:40:20,HK.00700,TOPIC:technology,0.305773,0.15,0.305773,Palo Alto updates security platform to discover AI agents,https://www.csoonline.com/article/4148974/palo-alto-updates-security-platform-to-discover-ai-agents.html,20260324T004020,CSO Online
2026-03-24 00:40:35,HK.00700,TOPIC:technology,0.042373,0.15,0.042373,Hyperscale Data Declares Monthly Dividends for Series D and E Preferred Stock and Announces Future Divestiture Plans,https://www.minichart.com.sg/2026/03/21/hyperscale-data-declares-monthly-dividends-for-series-d-and-e-preferred-stock-and-announces-future-divestiture-plans/,20260324T004035,Minichart
2026-03-24 00:40:58,HK.00700,TOPIC:technology,0.109966,0.15,0.109966,Philips convenes the Annual General Meeting of Shareholders 2026,https://www.philips.com/a-w/about/news/archive/standard/news/press/2026/philips-convenes-the-annual-general-meeting-of-shareholders-2026.html,20260324T004058,Philips
2026-03-24 00:41:07,HK.00700,TOPIC:technology,0.264704,0.15,0.264704,Will United Rentals' (URI) New AI Equipment Agent Redefine Its Digital Jobsite Strategy?,https://simplywall.st/stocks/us/capital-goods/nyse-uri/united-rentals/news/will-united-rentals-uri-new-ai-equipment-agent-redefine-its/amp,20260324T004107,Simply Wall Street
2026-03-24 00:41:36,HK.00700,TOPIC:technology,0.408853,0.15,0.408853,"GFS SEC Filings - Globalfoundries Inc. 10-K, 10-Q, 8-K Forms",https://www.stocktitan.net/sec-filings/GFS/page-4.html,20260324T004136,Stock Titan
2026-03-24 00:43:47,HK.00700,TOPIC:technology,-0.073842,0.15,-0.073842,Bond Market Scrutiny Intensifies for Lumen's Qwest Subsidiary,https://www.ad-hoc-news.de/boerse/news/ueberblick/bond-market-scrutiny-intensifies-for-lumen-s-qwest-subsidiary/68970897,20260324T004347,AD HOC NEWS
2026-03-24 00:43:57,HK.00700,TOPIC:technology,-0.079991,0.15,-0.079991,Terra Innovatum Highlights Accelerating Progress Towards NRC Construction Permit and Expanding Commercial Opportunities in Updated Investor Presentation Ahead of ROTH Conference,https://energydigital.com/globenewswire/3260329,20260324T004357,Energy Digital Magazine
2026-03-24 00:43:58,HK.00700,TOPIC:technology,0.46362,0.15,0.46362,Pending NEWS: U.S Navy Contract In The Works For NNDM. Buyout Chatter. Trading Well Below Cash Value,https://www.moomoo.com/community/feed/pending-news-u-s-navy-contract-in-the-works-for-116281312804869?chain_id=Name1K9-3FXPhg.1ks3s10&global_content=%7B%22promote_id%22%3A13764%2C%22sub_promote_id%22%3A109%2C%22f%22%3A%22www.moomoo.com%2Fsectors%2FNVIDIA-Portfolio-BK20882%22%7D,20260324T004358,Moomoo
2026-03-24 00:44:40,HK.00700,TOPIC:technology,-0.236533,0.15,-0.236533,"NextNav CFO Gray sells $25,444 in shares",https://www.investing.com/news/insider-trading-news/nextnav-cfo-gray-sells-25444-in-shares-93CH-4576537,20260324T004440,Investing.com
2026-03-24 01:07:16,HK.00700,TOPIC:technology,0.192115,0.15,0.192115,"Netflix, CBRE Group And More On CNBC's 'Final Trades'",https://www.sahmcapital.com/news/content/netflix-cbre-group-and-more-on-cnbcs-final-trades-2026-03-23,20260324T010716,Sahm
2026-03-24 01:08:03,HK.00700,TOPIC:technology,0.416565,0.15,0.416565,Why NetApp (NTAP) Stock Is Trading Up Today,https://stockstory.org/us/stocks/nasdaq/ntap/news/why-up-down/why-netapp-ntap-stock-is-trading-up-today,20260324T010803,StockStory
2026-03-24 01:08:37,HK.00700,TOPIC:technology,0.135084,0.15,0.135084,"Halofox 64XL Ink Cartridges, Compatible For HP Envy Photo 7855, 7858",https://hotelier.com.py/product/Halofox-64XL-Ink-Cartridges-Compatible-For-HP-Envy-Photo-7855/918535,20260324T010837,hotelier.com.py
2026-03-24 01:08:49,HK.00700,TOPIC:technology,0.220823,0.15,0.220823,"PLTR, UGRO, QS, EL, GM: 5 Trending Stocks Today - Palantir Technologies (NASDAQ:PLTR)",https://www.benzinga.com/markets/equities/26/03/51422724/5-stocks-on-investors-radar-palantir-quantumscape-gm,20260324T010849,Benzinga
2026-03-24 01:09:00,HK.00700,TOPIC:technology,-0.233299,0.15,-0.233299,POET Technologies (POET) Projected to Post Earnings on Monday,https://www.marketbeat.com/instant-alerts/poet-technologies-poet-projected-to-post-earnings-on-monday-2026-03-23/,20260324T010900,MarketBeat
2026-03-24 01:09:12,HK.00700,TOPIC:technology,-0.928055,0.15,-0.928055,Class Action Filed Against Quantum Computing Inc. (QUBT) Seeking Recovery for Investors - Contact Levi & Korsinsky,https://natlawreview.com/press-releases/class-action-filed-against-quantum-computing-inc-qubt-seeking-recovery,20260324T010912,The National Law Review
2026-04-07 00:04:39,HK.00700,TOPIC:technology,0.216119,0.15,0.216119,Fast-paced Momentum Stock Fluor (FLR) Is Still Trading at a Bargain,https://qz.com/fast-paced-momentum-stock-fluor-flr-is-still-trading-at-a-bargain,20260407T000439,qz.com
2026-04-07 00:04:49,HK.00700,TOPIC:technology,0.407404,0.15,0.407404,Uber Inks Deal to Acquire Blacklane: Is it a Growth Catalyst?,https://qz.com/uber-inks-deal-to-acquire-blacklane-is-it-a-growth-catalyst,20260407T000449,qz.com
2026-04-07 00:04:55,HK.00700,TOPIC:technology,0.203969,0.15,0.203969,"If You Invested $1000 in Western Digital a Decade Ago, This is How Much It'd Be Worth Now",https://qz.com/if-you-invested-1000-in-western-digital-a-decade-ago-this-is-how-much-it-d-be-worth-now,20260407T000455,qz.com
2026-04-07 00:05:02,HK.00700,TOPIC:technology,0.0128,0.15,0.0128,Here's How Much a $1000 Investment in Keysight Made 10 Years Ago Would Be Worth Today,https://qz.com/here-s-how-much-a-1000-investment-in-keysight-made-10-years-ago-would-be-worth-today,20260407T000502,qz.com
2026-04-07 00:05:50,HK.00700,TOPIC:technology,-0.262423,0.15,-0.262423,Insider Sell: Michael Rosenbaum Sells Shares of Guidewire Softwa,https://www.gurufocus.com/news/8776976/insider-sell-michael-rosenbaum-sells-shares-of-guidewire-software-inc-gwre,20260407T000550,GuruFocus
2026-04-07 00:07:44,HK.00700,TOPIC:technology,0.027682,0.15,0.027682,"Cathie Wood’s ARK sells Teradyne stock, buys Tesla By Investing.com",https://ca.investing.com/news/company-news/cathie-woods-ark-sells-teradyne-stock-buys-tesla-93CH-4551246,20260407T000744,Investing.com Canada
2026-04-07 00:07:58,HK.00700,TOPIC:technology,0.330483,0.15,0.330483,"Intuitive Surgical, Inc. (ISRG) announces the completion of its acquisition of the da Vinci and Ion distribution business",http://www.msn.com/en-us/health/medical/intuitive-surgical-inc-isrg-announces-the-completion-of-its-acquisition-of-the-da-vinci-and-ion-distribution-business/ar-AA1XTxhj?apiversion=v2&domshim=1&noservercache=1&noservertelemetry=1&batchservertelemetry=1&renderwebcomponents=1&wcseo=1,20260407T000758,MSN
2026-04-07 00:09:08,HK.00700,TOPIC:technology,0.386163,0.15,0.386163,"DeFi Development Corp. Appoints Adam Townsend to Board of Directors, Effective April 4, 2026",https://www.marketscreener.com/news/defi-development-corp-appoints-adam-townsend-to-board-of-directors-effective-april-4-2026-ce7e51d3da8af423,20260407T000908,www.marketscreener.com
2026-04-07 00:09:10,HK.00700,TOPIC:technology,0.034478,0.15,0.034478,Blackbaud Inc Stock: A Guide to BLKB Market Performance,https://www.bitget.com/wiki/blackbaud-inc-stock,20260407T000910,Bitget
2026-04-07 00:09:12,HK.00700,TOPIC:technology,0.401398,0.15,0.401398,Datavault AI CEO Nathaniel T. Bradley to Deliver Flagship Keynotes on Breakthrough RWA Tokenization at CONV3RGENCE London and AssetRush × Zurich 2026,https://ir.datavaultsite.com/news-events/press-releases/detail/444/datavault-ai-ceo-nathaniel-t-bradley-to-deliver-flagship,20260407T000912,Datavault AI
2026-04-07 00:09:34,HK.00700,TOPIC:technology,-0.138958,0.15,-0.138958,Telus boosts head count but sheds Canadian jobs as it reduces staff in core business,https://www.theglobeandmail.com/business/article-telus-head-count-work-force-telecom-employees-ai/,20260407T000934,The Globe and Mail
2026-04-07 00:09:35,HK.00700,TOPIC:technology,0.5104,0.15,0.5104,Lifezone Metals produces first PGMs from recycled autocats,https://grafa.com/en/news/united-states/lifezone-metals-pgm-autocats-recycling,20260407T000935,grafa.com
2026-04-07 00:09:42,HK.00700,TOPIC:technology,0.028838,0.15,0.028838,Oracle Brings In Schneider Electric Veteran To Lead Finance,https://www.sahmcapital.com/news/content/oracle-brings-in-schneider-electric-veteran-to-lead-finance-2026-04-06,20260407T000942,Sahm
2026-04-07 00:09:44,HK.00700,TOPIC:technology,0.834903,0.15,0.834903,"CEMTREX SUBSIDIARY, INVOCON, SELECTED FOR U.S. NAVY SBIR PHASE I CONTRACT IN NAVAL MINE WARFARE",https://www.bitget.com/news/detail/12560605343912,20260407T000944,Bitget
2026-04-07 00:09:46,HK.00700,TOPIC:technology,0.611104,0.15,0.611104,"TechTarget: Strengthening Profitability, Expanding Margins, and Robust Free Cash Flow Support Buy Rating",https://www.tipranks.com/news/ratings/techtarget-strengthening-profitability-expanding-margins-and-robust-free-cash-flow-support-buy-rating-ratings-news,20260407T000946,TipRanks
2026-04-07 00:10:00,HK.00700,TOPIC:technology,0.21293,0.15,0.21293,3D Systems Earnings Call: Momentum Amid Ongoing Turnaround,https://www.tipranks.com/news/company-announcements/3d-systems-earnings-call-momentum-amid-ongoing-turnaround,20260407T001000,TipRanks
2026-04-07 00:10:10,HK.00700,TOPIC:technology,0.534068,0.15,0.534068,"TWFG, Inc. Earnings Call Highlights Growth And AI",https://www.tipranks.com/news/company-announcements/twfg-inc-earnings-call-highlights-growth-and-ai,20260407T001010,TipRanks
2026-04-07 00:10:18,HK.00700,TOPIC:technology,0.430577,0.15,0.430577,Navigating Asian Growth: An ETF's Strategic Approach to Tech Concentration,https://www.ad-hoc-news.de/boerse/ueberblick/navigating-asian-growth-an-etf-s-strategic-approach-to-tech-concentration/69091286,20260407T001018,AD HOC NEWS
2026-04-07 00:10:28,HK.00700,TOPIC:technology,0.090819,0.15,0.090819,"Laurent Moll Sells 5,602 Shares of Arteris (NASDAQ:AIP) Stock",https://www.marketbeat.com/instant-alerts/laurent-moll-sells-5602-shares-of-arteris-nasdaqaip-stock-2026-04-06/,20260407T001028,MarketBeat
2026-04-07 00:10:28,HK.00700,TOPIC:technology,-0.124824,0.15,-0.124824,"Arteris (NASDAQ:AIP) CEO Sells $159,008.85 in Stock",https://www.marketbeat.com/instant-alerts/arteris-nasdaqaip-ceo-sells-15900885-in-stock-2026-04-06/,20260407T001028,MarketBeat
2026-04-07 00:10:28,HK.00700,TOPIC:technology,0.005507,0.15,0.005507,"Arteris (NASDAQ:AIP) COO Sells $28,292.96 in Stock",https://www.marketbeat.com/instant-alerts/arteris-nasdaqaip-coo-sells-2829296-in-stock-2026-04-06/,20260407T001028,MarketBeat
2026-04-07 00:10:40,HK.00700,TOPIC:technology,0.606571,0.15,0.606571,Redwire Corporation (RDW) interactive stock chart,https://sg.finance.yahoo.com/quote/RDW/chart/,20260407T001040,Yahoo Finance Singapore
2026-04-07 00:10:50,HK.00700,TOPIC:technology,0.168983,0.15,0.168983,Should Value Investors Buy Universal Insurance Holdings (UVE) Stock?,https://qz.com/should-value-investors-buy-universal-insurance-holdings-uve-stock,20260407T001050,qz.com
2026-04-07 00:11:21,HK.00700,TOPIC:technology,0.464471,0.15,0.464471,Datavault AI CEO to Deliver Keynotes on RWA Tokenization at European Events,https://nationaltoday.com/us/pa/philadelphia/news/2026/04/06/datavault-ai-ceo-to-deliver-keynotes-on-rwa-tokenization-at-european-events-1/,20260407T001121,National Today
2026-04-07 00:11:21,HK.00700,TOPIC:technology,0.522082,0.15,0.522082,Datavault Ai Charts Bold Path After First GAAP Profit,https://www.tipranks.com/news/company-announcements/datavault-ai-charts-bold-path-after-first-gaap-profit,20260407T001121,TipRanks
2026-04-07 00:37:08,HK.00700,TOPIC:technology,0.222965,0.15,0.222965,Technological Investments & Acquisitions Aid Aptiv Amid Rising Costs,https://qz.com/technological-investments-acquisitions-aid-aptiv-amid-rising-costs,20260407T003708,qz.com
2026-04-07 00:37:23,HK.00700,TOPIC:technology,0.451226,0.15,0.451226,Powering Decisions with Agentic AI: How Cisco Scales Financial Analytics with Strategy Solutions,https://www.strategy.com/ja/software/customer-stories/cisco,20260407T003723,Strategy
2026-04-07 00:37:57,HK.00700,TOPIC:technology,0.533474,0.15,0.533474,"Intuitive Surgical, Inc. (ISRG) announces the completion of its acquisition of the da Vinci and Ion distribution business",https://www.msn.com/en-us/health/medical/intuitive-surgical-inc-isrg-announces-the-completion-of-its-acquisition-of-the-da-vinci-and-ion-distribution-business/ar-AA1XTxhj?apiversion=v2&domshim=1&noservercache=1&noservertelemetry=1&batchservertelemetry=1&renderwebcomponents=1&wcseo=1,20260407T003757,MSN
2026-04-07 00:39:01,HK.00700,TOPIC:technology,0.002606,0.15,0.002606,"Ana Pinczuk, SentinelOne director, sells $215k in shares",https://www.investing.com/news/insider-trading-news/ana-pinczuk-sentinelone-director-sells-215k-in-shares-93CH-4601869,20260407T003901,Investing.com
2026-04-07 00:39:41,HK.00700,TOPIC:technology,0.420518,0.15,0.420518,Mitigating Risks in Proposal Submissions,https://www.knoxnews.com/press-release/story/162757/mitigating-risks-in-proposal-submissions/,20260407T003941,Knoxville News Sentinel
2026-04-07 00:40:02,HK.00700,TOPIC:technology,-0.213784,0.15,-0.213784,"Power Integrations (NASDAQ:POWI) VP Sells $16,254.09 in Stock",https://www.marketbeat.com/instant-alerts/power-integrations-nasdaqpowi-vp-sells-1625409-in-stock-2026-04-06/,20260407T004002,MarketBeat
2026-04-07 00:40:10,HK.00700,TOPIC:technology,0.252104,0.15,0.252104,Former VIZIO CFO Adam Townsend joins DeFi Development (DFDV) board,https://www.stocktitan.net/sec-filings/DFDV/8-k-de-fi-development-corp-reports-material-event-3d277a6f2cd5.html,20260407T004010,Stock Titan
2026-04-07 01:01:13,HK.00700,TOPIC:technology,0.433245,0.15,0.433245,Netflix just added free games for kids to your subscription. Here’s how to access them,https://www.fastcompany.com/91522497/netflix-just-added-free-games-for-kids-to-your-subscription-heres-how-to-access-them,20260407T010113,Fast Company
2026-04-07 01:02:51,HK.00700,TOPIC:technology,0.412511,0.15,0.412511,"HII eyes shipyard robots to speed coating, blasting and inspection",https://www.stocktitan.net/news/HII/hii-teams-with-gray-matter-robotics-to-integrate-physical-ai-into-0jikrsdt2gk5.html,20260407T010251,Stock Titan
2026-04-07 01:07:27,HK.00700,TOPIC:technology,0.394436,0.15,0.394436,AllSquare Wealth Management LLC's Salesforce Inc(CRM) Holding History,https://www.gurufocus.com/guru-portfolio/AllSquare%20Wealth%20Management%20LLC/CRM,20260407T010727,GuruFocus
2026-04-07 01:07:28,HK.00700,TOPIC:technology,0.144995,0.15,0.144995,Inforich Inc.(TSE: 9338) dropped from S&P Global BMI Index,https://www.marketscreener.com/news/inforich-inc-tse-9338-dropped-from-s-p-global-bmi-index-ce7e51d3d880f220,20260407T010728,www.marketscreener.com
2026-04-07 01:08:00,HK.00700,TOPIC:technology,0.244589,0.15,0.244589,Hermeus raises $350M at a $1B valuation to build autonomous hypersonic fighters,https://thenextweb.com/news/hermeus-350m-hypersonic-fighter-unicorn,20260407T010800,The Next Web
2026-04-07 01:08:45,HK.00700,TOPIC:technology,-0.060443,0.15,-0.060443,"ON24, Inc.(NYSE: ONTF) dropped from S&P Global BMI Index",https://www.marketscreener.com/news/on24-inc-nyse-ontf-dropped-from-s-p-global-bmi-index-ce7e51d3d880f224,20260407T010845,www.marketscreener.com
2026-04-07 01:08:53,HK.00700,TOPIC:technology,0.027057,0.15,0.027057,How Thermo Fisher’s Glacios 3 aims to broaden access to cryo-EM,https://www.rdworldonline.com/how-thermo-fishers-glacios-3-aims-to-broaden-access-to-cryo-em/,20260407T010853,R&D World
2026-04-07 01:09:21,HK.00700,TOPIC:technology,0.435339,0.15,0.435339,Vertical Aerospace is said to near $800M fundraise for air taxi plans,https://www.msn.com/en-us/money/technology/vertical-aerospace-is-said-to-near-800m-fundraise-for-air-taxi-plans/ar-AA1ZFVJj,20260407T010921,MSN
2026-04-07 01:09:56,HK.00700,TOPIC:technology,-0.240494,0.15,-0.240494,"Why Is Q/C Technologies, Inc. (QCLS) Stock Up Today?",https://meyka.com/stock/QCLS/why-stock-up-today/,20260407T010956,Meyka
2026-04-07 01:10:04,HK.00700,TOPIC:technology,0.528338,0.15,0.528338,PAR Technology Corp (PAR) Trading 3.72% Higher on Apr 6,https://www.gurufocus.com/news/8776435/par-technology-corp-par-trading-372-higher-on-apr-6?mobile=true,20260407T011004,GuruFocus
2026-04-07 01:10:19,HK.00700,TOPIC:technology,0.221962,0.15,0.221962,"Deals in brief: Kitar and PolicyStreet raise funding; Western Union completes Dash acquisition; five China investments, and more",https://kr-asia.com/deals-in-brief-kitar-and-policystreet-raise-funding-western-union-completes-dash-acquisition-five-china-investments-and-more,20260407T011019,KrASIA
2026-04-07 01:10:55,HK.00700,TOPIC:technology,0.411755,0.15,0.411755,Garanti BBVA’s Export Loans Go Digital on Mobile and Online Banking,https://www.bbva.com/en/tr/innovation/garanti-bbvas-export-loans-go-digital-on-mobile-and-online-banking/,20260407T011055,BBVA
2026-04-07 01:11:28,HK.00700,TOPIC:technology,0.5241,0.15,0.5241,"Scorpio Tankers Inc. Announces Strategic Collaboration with AMPERA, Inc. to Develop & Commercialize Micronuclear Solutions for Global Marine and Shipping Markets",https://www.imarinenews.com/33926.html,20260407T011128,iMarine
2026-04-07 01:11:28,HK.00700,TOPIC:technology,0.453048,0.15,0.453048,Scorpio Tankers bets on nuclear-powered commercial vessels,https://shippingtelegraph.com/ship-technology/scorpio-tankers-bets-on-nuclear-powered-commercial-vessels/,20260407T011128,Shipping Telegraph
2026-04-07 01:29:12,HK.00700,TOPIC:technology,0.133433,0.15,0.133433,Cadence Announces First Quarter 2026 Financial Results Webcast,https://natlawreview.com/press-releases/cadence-announces-first-quarter-2026-financial-results-webcast,20260407T012912,The National Law Review
2026-04-07 01:39:07,HK.00700,TOPIC:technology,0.323472,0.15,0.323472,Dycom Industries names Regina Salazar as chief information officer By Investing.com,https://za.investing.com/news/company-news/dycom-industries-names-regina-salazar-as-chief-information-officer-93CH-4198614,20260407T013907,Investing.com South Africa
2026-04-07 01:39:25,HK.00700,TOPIC:technology,0.237378,0.15,0.237378,IQM and Real Asset Acquisition Corp. Announce Confidential Submission of Draft Registration Statement on Form F-4 in Connection With Proposed Business Combination,https://finance.yahoo.com/markets/stocks/articles/iqm-real-asset-acquisition-corp-111200009.html,20260407T013925,Yahoo Finance
2026-04-07 01:39:26,HK.00700,TOPIC:technology,0.448393,0.15,0.448393,Focus Universal Inc. announced that it has received $3.999998 million in funding,https://www.marketscreener.com/news/focus-universal-inc-announced-that-it-has-received-3-999998-million-in-funding-ce7e50d8da81f025,20260407T013926,www.marketscreener.com
