window,start,end,n_bars,timesteps,cumulative_return,sharpe,max_drawdown,final_equity,news_coverage
1,2026-02-24,2026-03-30,1883,18530,-0.015731611818854296,0.0,0.02264104927111655,984268.3881811457,1.0
2,2026-02-25,2026-03-31,1924,18940,0.002872819880447963,0.0,0.029914254223590377,1002872.8198804479,1.0
3,2026-02-26,2026-04-01,1956,19260,0.03320716584669392,0.0,0.030499182077807097,1033207.1658466939,1.0
4,2026-02-27,2026-04-02,1956,19260,0.026753628302744525,0.0,0.02602689719960455,1026753.6283027445,1.0
5,2026-02-28,2026-04-03,1904,18740,0.04265158066728958,0.0,0.024121393411416565,1042651.5806672896,1.0
6,2026-03-02,2026-04-06,1887,18570,-0.0005613586958750361,0.0,0.037793621813061645,999438.641304125,1.0
7,2026-03-03,2026-04-07,1882,18520,0.019003337421519273,0.0,0.033545609402645275,1019003.3374215192,1.0
8,2026-03-04,2026-04-08,1882,18520,0.029285512487879695,0.0,0.03231500553564326,1029285.5124878797,1.0
9,2026-03-05,2026-04-09,1882,18520,0.030281943488591034,0.0,0.04100566538926332,1030281.943488591,1.0
10,2026-03-06,2026-04-10,1882,18520,0.09107087276603298,0.0,0.0362617817680725,1091070.872766033,1.0
11,2026-03-07,2026-04-11,1830,18000,0.08204890071145687,0.0,0.049177878988931494,1082048.9007114568,1.0
12,2026-03-09,2026-04-13,1850,18200,0.08909740816729239,0.0,0.048096372539442545,1089097.4081672924,1.0
13,2026-03-10,2026-04-14,1876,18460,0.08962836537134122,0.0,0.04789366462712945,1089628.3653713411,1.0
14,2026-03-11,2026-04-15,1876,18460,0.0628034839677829,0.0,0.053088217668866296,1062803.483967783,1.0
15,2026-03-12,2026-04-16,1876,18460,0.06743691490635761,0.0,0.06022457365058205,1067436.9149063576,1.0
16,2026-03-13,2026-04-17,1876,18460,0.06640095494293541,0.0,0.06239149426261604,1066400.9549429354,1.0
17,2026-03-14,2026-04-18,1824,17940,0.01514667320204155,0.0,0.06641813250312441,1015146.6732020415,1.0
18,2026-03-16,2026-04-20,1850,18200,0.10344412796636449,0.0,0.04082111029956977,1103444.1279663644,1.0
19,2026-03-17,2026-04-21,1876,18460,0.12243407015277574,0.0,0.04018326833752408,1122434.0701527759,1.0
20,2026-03-18,2026-04-22,1876,18460,0.13299767642950777,0.0,0.07401351700406403,1132997.6764295078,1.0
21,2026-03-19,2026-04-23,1876,18460,0.061062110049565854,0.0,0.07455751796923236,1061062.1100495658,1.0
22,2026-03-20,2026-04-24,1876,18460,0.06375128073991743,0.0,0.0468592633838216,1063751.2807399174,1.0
23,2026-03-21,2026-04-25,1824,17940,0.17180815177258557,0.0,0.05036083767979643,1171808.1517725855,1.0
24,2026-03-23,2026-04-27,1850,18200,0.06621779557751051,0.0,0.06373774573371646,1066217.7955775105,1.0
25,2026-03-24,2026-04-28,1876,18460,0.19020753035864368,0.0,0.08406648959679087,1190207.5303586437,1.0
26,2026-03-25,2026-04-29,1876,18460,0.05563536262299151,0.0,0.06714910097511011,1055635.3626229914,1.0
27,2026-03-26,2026-04-30,1876,18460,0.12537166767748786,0.0,0.08003763677786516,1125371.667677488,1.0
28,2026-03-27,2026-05-01,1839,18090,0.09537800087990278,0.0,0.0680950207244405,1095378.0008799029,1.0
29,2026-03-28,2026-05-02,1787,17570,0.021755173773374548,0.0,0.07784814510458765,1021755.1737733745,1.0
30,2026-03-30,2026-05-04,1813,17830,0.018372159249678388,0.0,0.10243520175781132,1018372.1592496784,1.0
31,2026-03-31,2026-05-05,1839,18090,-0.04655241295421686,0.0,0.15696610167575756,953447.5870457832,1.0
32,2026-04-01,2026-05-06,1839,18090,-0.1198413801999858,0.0,0.19931732544501402,880158.6198000142,1.0
33,2026-04-02,2026-05-07,1839,18090,-0.00923111469264204,0.0,0.0652425203754868,990768.885307358,1.0
34,2026-04-03,2026-05-08,1839,18090,-0.062040929179670856,0.0,0.1216582450635392,937959.0708203291,1.0
35,2026-04-06,2026-05-09,1839,18090,-0.06845038484996646,0.0,0.15513849284429393,931549.6151500335,1.0
36,2026-04-07,2026-05-11,1876,18460,-0.03460771253329986,0.0,0.12470710257257825,965392.2874667002,1.0
37,2026-04-08,2026-05-12,1913,18830,-0.08447582548084687,0.0,0.17585808292142174,915524.1745191531,1.0
38,2026-04-09,2026-05-13,1913,18830,-0.12260062908334823,0.0,0.2026730229207532,877399.3709166518,1.0
39,2026-04-10,2026-05-14,1913,18830,-0.0357411358020584,0.0,0.13030076415957786,964258.8641979416,1.0
40,2026-04-11,2026-05-15,1913,18830,-0.027172414341427364,0.0,0.09397018454051626,972827.5856585726,1.0
41,2026-04-13,2026-05-16,1913,18830,-0.20514780895585594,0.0,0.24008840140688176,794852.1910441441,1.0
42,2026-04-14,2026-05-18,1913,18830,-0.16280904598773904,0.0,0.17903222794595594,837190.954012261,1.0
43,2026-04-15,2026-05-19,1913,18830,-0.12383765075259212,0.0,0.1563623751536841,876162.3492474079,1.0
44,2026-04-16,2026-05-20,1913,18830,-0.073202827847336,0.0,0.13281989530681326,926797.172152664,1.0
45,2026-04-17,2026-05-21,1913,18830,-0.005717836329265258,0.0,0.09348641746438616,994282.1636707347,1.0
46,2026-04-18,2026-05-22,1913,18830,-0.05075332440511904,0.0,0.13536851267643024,949246.675594881,1.0
47,2026-04-20,2026-05-23,1913,18830,0.043441216784049885,0.0,0.10425014023861784,1043441.2167840499,1.0
48,2026-04-21,2026-05-26,1913,18830,-0.04504329966922416,0.0,0.19295416328547074,954956.7003307758,1.0
49,2026-04-22,2026-05-27,1913,18830,0.007958015461088763,0.0,0.08394887457480533,1007958.0154610887,1.0
50,2026-04-23,2026-05-28,1913,18830,-0.07571716626346525,0.0,0.11857929491123373,924282.8337365347,1.0
51,2026-04-24,2026-05-29,1913,18830,0.025333147757873542,0.0,0.14188676226018904,1025333.1477578735,1.0
52,2026-04-25,2026-05-30,1861,18310,1.7200787214566304e-06,0.0,0.1278424356636918,1000001.7200787214,1.0
53,2026-04-27,2026-06-01,1887,18570,-0.13174706516486712,0.0,0.1955425971875757,868252.9348351329,1.0
54,2026-04-28,2026-06-02,1913,18830,-0.15559107032259178,0.0,0.19867088799428195,844408.9296774082,1.0
55,2026-04-29,2026-06-03,1913,18830,-0.1855795800610054,0.0,0.20495079482792625,814420.4199389946,1.0
56,2026-04-30,2026-06-04,1913,18830,-0.03162925871029354,0.0,0.1332676401971379,968370.7412897064,1.0
57,2026-05-01,2026-06-05,1913,18830,-0.0014098899332017911,0.0,0.16323811073832353,998590.1100667982,1.0
58,2026-05-02,2026-06-06,1898,18680,-0.05079450868641322,0.0,0.13856029990563182,949205.4913135868,1.0
59,2026-05-04,2026-06-08,1924,18940,-0.009743675502642102,0.0,0.09118063091565225,990256.324497358,1.0
60,2026-05-05,2026-06-09,1950,19200,0.03109923722487773,0.0,0.1669865893665084,1031099.2372248777,1.0
61,2026-05-06,2026-06-10,1950,19200,-0.011451133101291311,0.0,0.10407358871532019,988548.8668987087,1.0
62,2026-05-07,2026-06-11,1950,19200,-0.03700473110759306,0.0,0.08262755738808542,962995.268892407,1.0
63,2026-05-08,2026-06-12,1950,19200,-0.061053087952904206,0.0,0.13976712773170863,938946.9120470958,1.0
64,2026-05-09,2026-06-13,1898,18680,0.15517435215591968,0.0,0.06689278736911312,1155174.3521559197,1.0
65,2026-05-11,2026-06-15,1924,18940,-0.03073045892450532,0.0,0.09544827483289049,969269.5410754947,1.0
66,2026-05-12,2026-06-16,1950,19200,0.2625856485070086,0.0,0.0725969035977503,1262585.6485070086,1.0
67,2026-05-13,2026-06-17,1950,19200,0.3883204448009232,0.0,0.04394666853056569,1388320.444800923,1.0
68,2026-05-14,2026-06-18,1950,19200,0.2456176792347211,0.0,0.06622306291571602,1245617.679234721,1.0
69,2026-05-15,2026-06-19,1898,18680,0.07873085646662403,0.0,0.10425300136884812,1078730.856466624,1.0
70,2026-05-16,2026-06-22,1872,18420,0.09099731176902037,0.0,0.07141260677081868,1090997.3117690203,1.0
71,2026-05-18,2026-06-23,1924,18940,0.15115524079593468,0.0,0.1217050215396694,1151155.2407959346,1.0
72,2026-05-19,2026-06-24,1950,19200,0.26689027803442866,0.0,0.08111775300009472,1266890.2780344286,1.0
73,2026-05-20,2026-06-25,1950,19200,0.28874118764465684,0.0,0.08765893184589525,1288741.1876446567,1.0
74,2026-05-21,2026-06-26,1950,19200,0.04772348058422371,0.0,0.10834222829365915,1047723.4805842238,1.0
75,2026-05-22,2026-06-27,1898,18680,0.21909375914544293,0.0,0.06691214732432758,1219093.7591454429,1.0
76,2026-05-23,2026-06-29,1872,18420,0.11586043102271715,0.0,0.09011665356642955,1115860.4310227172,1.0
77,2026-05-26,2026-06-30,1924,18940,0.0842160372152887,0.0,0.1503895384176975,1084216.0372152887,1.0
78,2026-05-27,2026-07-01,1913,18830,0.259156696933442,0.0,0.08136425534712469,1259156.696933442,1.0
79,2026-05-28,2026-07-02,1913,18830,0.12890666697282072,0.0,0.06832343727278019,1128906.6669728206,1.0
80,2026-05-29,2026-07-03,1898,18680,0.07025270365825254,0.0,0.10045935393670156,1070252.7036582525,1.0
81,2026-05-30,2026-07-06,1872,18420,0.11623694711300003,0.0,0.1000504612040636,1116236.947113,1.0
82,2026-06-01,2026-07-07,1924,18940,-0.0823558877597248,0.0,0.17928112275105373,917644.1122402753,1.0
83,2026-06-02,2026-07-08,1950,19200,0.060204852144467136,0.0,0.11292688985639374,1060204.8521444672,1.0
84,2026-06-03,2026-07-09,1950,19200,0.17693504526527226,0.0,0.1528394321106791,1176935.0452652723,1.0
85,2026-06-04,2026-07-10,1950,19200,0.051166052259502326,0.0,0.07902110118601176,1051166.0522595022,1.0
86,2026-06-05,2026-07-11,1898,18680,0.06385018158374778,0.0,0.16335136442447387,1063850.1815837477,1.0
87,2026-06-06,2026-07-13,1872,18420,0.06843619225286979,0.0,0.08410658672333685,1068436.1922528697,1.0
88,2026-06-08,2026-07-14,1924,18940,0.1135794556650529,0.0,0.09537141981504549,1113579.4556650529,1.0
89,2026-06-09,2026-07-15,1950,19200,0.5267391646985657,0.0,0.06378778301449807,1526739.1646985658,1.0
90,2026-06-10,2026-07-16,1950,19200,0.09958156729495227,0.0,0.081939056961887,1099581.5672949522,1.0
91,2026-06-11,2026-07-17,1950,19200,0.0943752890531191,0.0,0.10728804924575393,1094375.289053119,1.0
92,2026-06-12,2026-07-18,1898,18680,0.1821845425077644,0.0,0.11185501611591367,1182184.5425077644,1.0
93,2026-06-13,2026-07-20,1872,18420,0.08112522416669932,0.0,0.1310956050433223,1081125.2241666992,1.0
94,2026-06-15,2026-07-21,1924,18940,0.14091211677570126,0.0,0.08455320711185653,1140912.1167757013,1.0
95,2026-06-16,2026-07-22,1950,19200,-0.1039934943006432,0.0,0.16322382230193477,896006.5056993568,1.0
96,2026-06-17,2026-07-23,1950,19200,0.02583414592839528,0.0,0.1446058805660399,1025834.1459283953,1.0
97,2026-06-18,2026-07-24,1950,19200,0.037234784733320536,0.0,0.11863394924944395,1037234.7847333206,1.0
98,2026-06-19,2026-07-25,1898,18680,0.014138354585174762,0.0,0.11217401743330134,1014138.3545851747,1.0
99,2026-06-22,2026-07-27,1924,18940,-0.09811827082662372,0.0,0.1863153070275092,901881.7291733762,1.0
100,2026-06-23,2026-07-28,1950,19200,0.10282420322497132,0.0,0.1315190766788047,1102824.2032249714,1.0
101,2026-06-24,2026-07-29,1950,19200,-0.03779154151926378,0.0,0.1233929557021394,962208.4584807362,1.0
102,2026-06-25,2026-07-30,1950,19200,-0.15047820472454654,0.0,0.19651046702970243,849521.7952754535,1.0
103,2026-06-26,2026-07-31,1950,19200,-0.04192864541727237,0.0,0.2023097042966807,958071.3545827277,1.0
104,2026-06-27,2026-08-01,1898,18680,0.06135515622382437,0.0,0.17494201574235704,1061355.1562238245,1.0
105,2026-06-29,2026-08-03,1924,18940,0.03674471281957348,0.0,0.1235710529720551,1036744.7128195735,1.0
106,2026-06-30,2026-08-04,1950,19200,0.06774535710602736,0.0,0.08362980389679447,1067745.3571060274,1.0
107,2026-07-01,2026-08-05,1950,19200,-0.08729404200166235,0.0,0.22636406066349501,912705.9579983377,1.0
108,2026-07-02,2026-08-06,1987,19570,0.0163764526512038,0.0,0.1320686679735598,1016376.4526512038,1.0
109,2026-07-03,2026-08-07,1987,19570,-0.0804323635862032,0.0,0.2062298823496007,919567.6364137968,1.0
110,2026-07-06,2026-08-08,1950,19200,-0.02591504779044862,0.0,0.15507296958644495,974084.9522095514,1.0
111,2026-07-07,2026-08-10,1950,19200,-0.04503277143823636,0.0,0.15340301670887363,954967.2285617637,1.0
112,2026-07-08,2026-08-11,1950,19200,-0.12154724553501572,0.0,0.20488533782273222,878452.7544649843,1.0
113,2026-07-09,2026-08-12,1950,19200,-0.016376873403227465,0.0,0.1124969229396812,983623.1265967726,1.0
114,2026-07-10,2026-08-13,1950,19200,0.05501777996372703,0.0,0.11255816504618765,1055017.779963727,1.0
115,2026-07-11,2026-08-14,1950,19200,-0.005236622544629088,0.0,0.09810424026754569,994763.377455371,1.0
116,2026-07-13,2026-08-15,1950,19200,-0.06340179462773965,0.0,0.19327862262739898,936598.2053722603,1.0
117,2026-07-14,2026-08-17,1950,19200,-0.08338862344983577,0.0,0.1264567326670595,916611.3765501642,1.0
118,2026-07-15,2026-08-18,1905,18750,0.03094756955922362,0.0,0.13528682993614166,1030947.5695592236,1.0
